region,load_type,backend,n_rows,mean_s,std_s,min_s,max_s
Cairns-Cooktown,full,arrow,15324796,2.1146277382000003,0.6201703854857843,1.060003936,2.673864523
Cairns-Cooktown,full,parquet,15324796,3.7132112240000006,1.0060666062447063,2.736359498,4.91883326
Cairns-Cooktown,scoped_5km,arrow,89245,1.734079456,0.22578723505592146,1.432953316,2.049112498
Cairns-Cooktown,scoped_5km,parquet,89245,0.11295556960000001,0.010227414894661004,0.097769797,0.121291731
Cairns-Cooktown,scoped_50km,arrow,3169957,1.868030833,0.21155058051465295,1.62228459,2.067345056
Cairns-Cooktown,scoped_50km,parquet,3169957,0.905355457,0.21378222738013242,0.673117337,1.145202472
Townsville-Whitsunday,full,arrow,17225303,1.614219567,0.3850812196638075,1.159853626,2.010128384
Townsville-Whitsunday,full,parquet,17225303,4.743585875200001,1.4659627268658808,2.815292605,6.43060596
Townsville-Whitsunday,scoped_5km,arrow,53142,1.9350412704,0.1914209626554547,1.751631183,2.209757482
Townsville-Whitsunday,scoped_5km,parquet,53142,0.0950320164,0.02297071129571308,0.075117818,0.133253746
Townsville-Whitsunday,scoped_50km,arrow,1937404,2.115494771,0.227966358600554,1.819727699,2.380028763
Townsville-Whitsunday,scoped_50km,parquet,1937404,0.610890426,0.0754986572985317,0.552103581,0.737592319
Mackay-Capricorn,full,arrow,28391384,2.2572567352000004,0.08457265938622191,2.117654255,2.329271768
Mackay-Capricorn,full,parquet,28391384,8.048297359000001,2.4070397309969267,4.939555545,10.979965834
Mackay-Capricorn,scoped_5km,arrow,1037,2.7947641761999997,0.18041599920666568,2.629535662,3.056284704
Mackay-Capricorn,scoped_5km,parquet,1037,0.061256214399999995,0.004951767727186453,0.055846459,0.066714417
Mackay-Capricorn,scoped_50km,arrow,2507925,2.543915942,0.10394493831473699,2.4851354,2.726852938
Mackay-Capricorn,scoped_50km,parquet,2507925,0.7530279702,0.0788708378590012,0.660620501,0.845411095
FarNorthern,full,arrow,34228834,2.7121523496,0.3640887799858995,2.104308764,3.084088305
FarNorthern,full,parquet,34228834,6.769438934,2.0247611524117497,4.239771503,9.481298972
FarNorthern,scoped_5km,arrow,40314,2.5888200854,0.13609696219072953,2.442320779,2.762496201
FarNorthern,scoped_5km,parquet,40314,0.098737087,0.012132087276390017,0.083365081,0.115117473
FarNorthern,scoped_50km,arrow,3619327,2.6737563374,0.10997168018241929,2.543334819,2.839228472
FarNorthern,scoped_50km,parquet,3619327,0.9566483786000001,0.11061566903646433,0.844744214,1.140346779
